1|1|1
1|1|10
1|1|23
1|1|39
1|1|52
1|1|74
1|1|88
1|1|104
1|1|117
1|1|140
1|1|159
1|1|214
1|1|266
1|1|318
1|1|330
1|1|354
1|1|377
1|1|391
1|1|416
1|1|442
1|1|479
1|1|495
1|1|510
1|1|539
1|1|562
1|2|2
1|2|11
1|2|24
1|2|45
1|2|59
1|2|75
1|2|89
1|2|109
1|2|120
1|2|141
1|2|165
1|2|218
1|2|267
1|2|319
1|2|333
1|2|365
1|2|378
1|2|396
1|2|424
1|2|443
1|2|480
1|2|499
1|2|517
1|2|540
1|2|565
1|3|4
1|3|12
1|3|26
1|3|46
1|3|55
1|3|81
1|3|92
1|3|110
1|3|122
1|3|144
1|3|166
1|3|219
1|3|268
1|3|321
1|3|334
1|3|371
1|3|379
1|3|397
1|3|436
1|3|454
1|3|481
1|3|503
1|3|520
1|3|543
1|3|567
1|4|5
1|4|13
1|4|31
1|4|47
1|4|53
1|4|82
1|4|95
1|4|111
1|4|123
1|4|146
1|4|197
1|4|223
1|4|269
1|4|322
1|4|336
1|4|372
1|4|385
1|4|399
1|4|437
1|4|455
1|4|483
1|4|504
1|4|525
1|4|548
1|4|568
1|5|6
1|5|14
1|5|32
1|5|48
1|5|60
1|5|83
1|5|96
1|5|112
1|5|124
1|5|150
1|5|203
1|5|250
1|5|309
1|5|326
1|5|337
1|5|373
1|5|386
1|5|400
1|5|438
1|5|456
1|5|486
1|5|505
1|5|527
1|5|556
1|5|572
1|6|7
1|6|15
1|6|34
1|6|49
1|6|61
1|6|85
1|6|97
1|6|113
1|6|125
1|6|152
1|6|204
1|6|262
1|6|310
1|6|327
1|6|339
1|6|374
1|6|387
1|6|401
1|6|439
1|6|458
1|6|487
1|6|507
1|6|528
1|6|559
1|6|592
1|7|8
1|7|19
1|7|37
1|7|50
1|7|72
1|7|86
1|7|98
1|7|115
1|7|126
1|7|157
1|7|207
1|7|263
1|7|311
1|7|328
1|7|352
1|7|375
1|7|388
1|7|402
1|7|440
1|7|462
1|7|490
1|7|508
1|7|529
1|7|560
1|7|596
1|8|9
1|8|20
1|8|38
1|8|51
1|8|73
1|8|87
1|8|100
1|8|116
1|8|127
1|8|158
1|8|213
1|8|265
1|8|317
1|8|329
1|8|353
1|8|376
1|8|389
1|8|415
1|8|441
1|8|478
1|8|492
1|8|509
1|8|538
1|8|561
1|8|600
2|1|1
2|1|19
2|1|37
2|1|60
2|1|89
2|1|112
2|1|132
2|1|150
2|1|198
2|1|219
2|1|281
2|1|318
2|1|336
2|1|354
2|1|372
2|1|390
2|1|408
2|1|426
2|1|444
2|1|462
2|1|480
2|1|502
2|1|528
2|1|549
2|1|572
2|2|2
2|2|20
2|2|38
2|2|61
2|2|90
2|2|113
2|2|133
2|2|151
2|2|199
2|2|223
2|2|291
2|2|319
2|2|337
2|2|355
2|2|373
2|2|391
2|2|409
2|2|427
2|2|445
2|2|463
2|2|481
2|2|503
2|2|529
2|2|550
2|2|573
2|3|3
2|3|21
2|3|39
2|3|62
2|3|91
2|3|114
2|3|134
2|3|152
2|3|200
2|3|227
2|3|302
2|3|320
2|3|338
2|3|356
2|3|374
2|3|392
2|3|410
2|3|428
2|3|446
2|3|464
2|3|482
2|3|504
2|3|530
2|3|551
2|3|574
2|4|4
2|4|22
2|4|40
2|4|63
2|4|92
2|4|115
2|4|135
2|4|154
2|4|201
2|4|241
2|4|303
2|4|321
2|4|339
2|4|357
2|4|375
2|4|393
2|4|411
2|4|429
2|4|447
2|4|465
2|4|483
2|4|505
2|4|531
2|4|553
2|4|575
2|5|5
2|5|23
2|5|41
2|5|72
2|5|93
2|5|116
2|5|136
2|5|155
2|5|202
2|5|248
2|5|304
2|5|322
2|5|340
2|5|358
2|5|376
2|5|394
2|5|412
2|5|430
2|5|448
2|5|466
2|5|484
2|5|506
2|5|532
2|5|554
2|5|577
2|6|6
2|6|24
2|6|42
2|6|73
2|6|95
2|6|117
2|6|137
2|6|157
2|6|203
2|6|249
2|6|305
2|6|323
2|6|341
2|6|359
2|6|377
2|6|395
2|6|413
2|6|431
2|6|449
2|6|467
2|6|485
2|6|507
2|6|533
2|6|556
2|6|582
2|7|7
2|7|25
2|7|43
2|7|74
2|7|96
2|7|118
2|7|138
2|7|158
2|7|204
2|7|250
2|7|306
2|7|324
2|7|342
2|7|360
2|7|378
2|7|396
2|7|414
2|7|432
2|7|450
2|7|468
2|7|486
2|7|508
2|7|534
2|7|559
2|7|583
2|8|8
2|8|26
2|8|44
2|8|75
2|8|97
2|8|120
2|8|139
2|8|159
2|8|205
2|8|251
2|8|307
2|8|325
2|8|343
2|8|361
2|8|379
2|8|397
2|8|415
2|8|433
2|8|451
2|8|469
2|8|487
2|8|509
2|8|535
2|8|560
2|8|584
2|9|9
2|9|27
2|9|45
2|9|79
2|9|98
2|9|122
2|9|140
2|9|162
2|9|206
2|9|261
2|9|308
2|9|326
2|9|344
2|9|362
2|9|380
2|9|398
2|9|416
2|9|434
2|9|452
2|9|470
2|9|490
2|9|510
2|9|536
2|9|561
2|9|585
2|10|10
2|10|28
2|10|46
2|10|80
2|10|99
2|10|123
2|10|141
2|10|163
2|10|207
2|10|262
2|10|309
2|10|327
2|10|345
2|10|363
2|10|381
2|10|399
2|10|417
2|10|435
2|10|453
2|10|471
2|10|492
2|10|511
2|10|538
2|10|562
2|10|587
2|11|11
2|11|29
2|11|47
2|11|81
2|11|100
2|11|124
2|11|142
2|11|164
2|11|208
2|11|263
2|11|310
2|11|328
2|11|346
2|11|364
2|11|382
2|11|400
2|11|418
2|11|436
2|11|454
2|11|472
2|11|494
2|11|512
2|11|539
2|11|563
2|11|588
2|12|12
2|12|30
2|12|48
2|12|82
2|12|103
2|12|125
2|12|143
2|12|165
2|12|209
2|12|265
2|12|311
2|12|329
2|12|347
2|12|365
2|12|383
2|12|401
2|12|419
2|12|437
2|12|455
2|12|473
2|12|495
2|12|513
2|12|540
2|12|565
2|12|589
2|13|13
2|13|31
2|13|49
2|13|83
2|13|104
2|13|126
2|13|144
2|13|166
2|13|210
2|13|266
2|13|312
2|13|330
2|13|348
2|13|366
2|13|384
2|13|402
2|13|420
2|13|438
2|13|456
2|13|474
2|13|496
2|13|514
2|13|542
2|13|566
2|13|591
2|14|14
2|14|32
2|14|50
2|14|84
2|14|105
2|14|127
2|14|145
2|14|193
2|14|211
2|14|267
2|14|313
2|14|331
2|14|349
2|14|367
2|14|385
2|14|403
2|14|421
2|14|439
2|14|457
2|14|475
2|14|497
2|14|517
2|14|543
2|14|567
2|14|592
2|15|15
2|15|33
2|15|51
2|15|85
2|15|106
2|15|128
2|15|146
2|15|194
2|15|212
2|15|268
2|15|314
2|15|332
2|15|350
2|15|368
2|15|386
2|15|404
2|15|422
2|15|440
2|15|458
2|15|476
2|15|498
2|15|520
2|15|544
2|15|568
2|15|593
2|16|16
2|16|34
2|16|52
2|16|86
2|16|109
2|16|129
2|16|147
2|16|195
2|16|213
2|16|269
2|16|315
2|16|333
2|16|351
2|16|369
2|16|387
2|16|405
2|16|423
2|16|441
2|16|459
2|16|477
2|16|499
2|16|525
2|16|545
2|16|569
2|16|594
2|17|17
2|17|35
2|17|53
2|17|87
2|17|110
2|17|130
2|17|148
2|17|196
2|17|214
2|17|270
2|17|316
2|17|334
2|17|352
2|17|370
2|17|388
2|17|406
2|17|424
2|17|442
2|17|460
2|17|478
2|17|500
2|17|526
2|17|547
2|17|570
2|17|596
2|18|18
2|18|36
2|18|59
2|18|88
2|18|111
2|18|131
2|18|149
2|18|197
2|18|218
2|18|272
2|18|317
2|18|335
2|18|353
2|18|371
2|18|389
2|18|407
2|18|425
2|18|443
2|18|461
2|18|479
2|18|501
2|18|527
2|18|548
2|18|571
2|18|600
3|1|1
3|1|21
3|1|41
3|1|61
3|1|81
3|1|101
3|1|121
3|1|141
3|1|161
3|1|207
3|1|266
3|1|321
3|1|341
3|1|361
3|1|381
3|1|401
3|1|421
3|1|441
3|1|461
3|1|481
3|1|501
3|1|521
3|1|541
3|1|561
3|1|581
3|2|2
3|2|22
3|2|53
3|2|62
3|2|82
3|2|102
3|2|122
3|2|145
3|2|162
3|2|208
3|2|267
3|2|322
3|2|342
3|2|362
3|2|382
3|2|402
3|2|422
3|2|442
3|2|462
3|2|482
3|2|502
3|2|522
3|2|542
3|2|562
3|2|582
3|3|3
3|3|23
3|3|43
3|3|63
3|3|83
3|3|103
3|3|123
3|3|143
3|3|163
3|3|209
3|3|268
3|3|323
3|3|343
3|3|363
3|3|383
3|3|403
3|3|423
3|3|443
3|3|463
3|3|483
3|3|503
3|3|523
3|3|543
3|3|563
3|3|583
3|4|4
3|4|24
3|4|44
3|4|64
3|4|84
3|4|104
3|4|124
3|4|144
3|4|164
3|4|210
3|4|269
3|4|324
3|4|344
3|4|364
3|4|384
3|4|404
3|4|424
3|4|444
3|4|464
3|4|484
3|4|504
3|4|524
3|4|544
3|4|564
3|4|584
3|5|5
3|5|25
3|5|45
3|5|65
3|5|85
3|5|105
3|5|125
3|5|142
3|5|165
3|5|211
3|5|305
3|5|325
3|5|345
3|5|365
3|5|385
3|5|405
3|5|425
3|5|445
3|5|465
3|5|485
3|5|505
3|5|525
3|5|545
3|5|565
3|5|585
3|6|6
3|6|26
3|6|46
3|6|66
3|6|86
3|6|106
3|6|126
3|6|146
3|6|166
3|6|212
3|6|306
3|6|326
3|6|346
3|6|366
3|6|386
3|6|406
3|6|426
3|6|446
3|6|466
3|6|486
3|6|506
3|6|526
3|6|546
3|6|566
3|6|586
3|7|7
3|7|27
3|7|47
3|7|67
3|7|87
3|7|107
3|7|127
3|7|147
3|7|193
3|7|213
3|7|307
3|7|327
3|7|347
3|7|367
3|7|387
3|7|407
3|7|427
3|7|447
3|7|467
3|7|487
3|7|507
3|7|527
3|7|547
3|7|567
3|7|587
3|8|8
3|8|28
3|8|48
3|8|68
3|8|88
3|8|108
3|8|128
3|8|148
3|8|194
3|8|214
3|8|308
3|8|328
3|8|348
3|8|368
3|8|388
3|8|408
3|8|428
3|8|448
3|8|468
3|8|488
3|8|508
3|8|528
3|8|548
3|8|568
3|8|588
3|9|9
3|9|29
3|9|49
3|9|69
3|9|89
3|9|109
3|9|129
3|9|149
3|9|195
3|9|218
3|9|309
3|9|329
3|9|349
3|9|369
3|9|389
3|9|409
3|9|429
3|9|449
3|9|469
3|9|489
3|9|509
3|9|529
3|9|549
3|9|569
3|9|589
3|10|10
3|10|30
3|10|50
3|10|70
3|10|90
3|10|110
3|10|130
3|10|150
3|10|196
3|10|219
3|10|310
3|10|330
3|10|350
3|10|370
3|10|390
3|10|410
3|10|430
3|10|450
3|10|470
3|10|490
3|10|510
3|10|530
3|10|550
3|10|570
3|10|590
3|11|11
3|11|31
3|11|51
3|11|71
3|11|91
3|11|111
3|11|131
3|11|151
3|11|197
3|11|223
3|11|311
3|11|331
3|11|351
3|11|371
3|11|391
3|11|411
3|11|431
3|11|451
3|11|471
3|11|491
3|11|511
3|11|531
3|11|551
3|11|571
3|11|591
3|12|12
3|12|32
3|12|52
3|12|72
3|12|92
3|12|112
3|12|132
3|12|152
3|12|198
3|12|227
3|12|312
3|12|332
3|12|352
3|12|372
3|12|392
3|12|412
3|12|432
3|12|452
3|12|472
3|12|492
3|12|512
3|12|532
3|12|552
3|12|572
3|12|592
3|13|13
3|13|33
3|13|42
3|13|73
3|13|93
3|13|113
3|13|133
3|13|153
3|13|199
3|13|241
3|13|313
3|13|333
3|13|353
3|13|373
3|13|393
3|13|413
3|13|433
3|13|453
3|13|473
3|13|493
3|13|513
3|13|533
3|13|553
3|13|573
3|13|593
3|14|14
3|14|34
3|14|54
3|14|74
3|14|94
3|14|114
3|14|134
3|14|155
3|14|200
3|14|248
3|14|314
3|14|334
3|14|354
3|14|374
3|14|394
3|14|414
3|14|434
3|14|454
3|14|474
3|14|494
3|14|514
3|14|534
3|14|554
3|14|574
3|14|594
3|15|15
3|15|35
3|15|55
3|15|75
3|15|95
3|15|115
3|15|135
3|15|154
3|15|201
3|15|249
3|15|315
3|15|335
3|15|355
3|15|375
3|15|395
3|15|415
3|15|435
3|15|455
3|15|475
3|15|495
3|15|515
3|15|535
3|15|555
3|15|575
3|15|595
3|16|16
3|16|36
3|16|56
3|16|76
3|16|96
3|16|118
3|16|136
3|16|156
3|16|202
3|16|250
3|16|316
3|16|336
3|16|356
3|16|376
3|16|396
3|16|416
3|16|436
3|16|456
3|16|476
3|16|496
3|16|516
3|16|536
3|16|556
3|16|576
3|16|596
3|17|17
3|17|37
3|17|57
3|17|77
3|17|97
3|17|117
3|17|137
3|17|157
3|17|203
3|17|261
3|17|317
3|17|337
3|17|357
3|17|377
3|17|397
3|17|417
3|17|437
3|17|457
3|17|477
3|17|497
3|17|517
3|17|537
3|17|557
3|17|577
3|17|597
3|18|18
3|18|38
3|18|58
3|18|78
3|18|98
3|18|116
3|18|138
3|18|158
3|18|204
3|18|262
3|18|318
3|18|338
3|18|358
3|18|378
3|18|398
3|18|418
3|18|438
3|18|458
3|18|478
3|18|498
3|18|518
3|18|538
3|18|558
3|18|578
3|18|598
3|19|19
3|19|39
3|19|59
3|19|79
3|19|99
3|19|119
3|19|139
3|19|159
3|19|205
3|19|263
3|19|319
3|19|339
3|19|359
3|19|379
3|19|399
3|19|419
3|19|439
3|19|459
3|19|479
3|19|499
3|19|519
3|19|539
3|19|559
3|19|579
3|19|599
3|20|20
3|20|40
3|20|60
3|20|80
3|20|100
3|20|120
3|20|140
3|20|160
3|20|206
3|20|265
3|20|320
3|20|340
3|20|360
3|20|380
3|20|400
3|20|420
3|20|440
3|20|460
3|20|480
3|20|500
3|20|520
3|20|540
3|20|560
3|20|580
3|20|600
5|1|1
5|1|21
5|1|41
5|1|61
5|1|81
5|1|102
5|1|118
5|1|137
5|1|161
5|1|193
5|1|228
5|1|247
5|1|266
5|1|287
5|1|308
5|1|328
5|1|348
5|1|368
5|1|388
5|1|408
5|1|428
5|1|448
5|1|468
5|1|487
5|1|507
5|1|523
5|1|543
5|1|563
5|1|583
5|1|599
5|2|2
5|2|22
5|2|42
5|2|62
5|2|82
5|2|101
5|2|122
5|2|138
5|2|162
5|2|210
5|2|229
5|2|249
5|2|267
5|2|288
5|2|309
5|2|329
5|2|349
5|2|369
5|2|389
5|2|409
5|2|429
5|2|449
5|2|469
5|2|488
5|2|508
5|2|524
5|2|544
5|2|564
5|2|584
5|2|600
5|3|3
5|3|23
5|3|43
5|3|63
5|3|83
5|3|103
5|3|123
5|3|139
5|3|163
5|3|195
5|3|230
5|3|248
5|3|270
5|3|289
5|3|310
5|3|330
5|3|350
5|3|370
5|3|390
5|3|410
5|3|430
5|3|450
5|3|470
5|3|489
5|3|509
5|3|525
5|3|545
5|3|559
5|3|565
5|3|585
5|4|4
5|4|24
5|4|44
5|4|64
5|4|84
5|4|104
5|4|124
5|4|140
5|4|164
5|4|196
5|4|231
5|4|250
5|4|271
5|4|290
5|4|311
5|4|331
5|4|351
5|4|371
5|4|391
5|4|411
5|4|431
5|4|451
5|4|471
5|4|490
5|4|510
5|4|526
5|4|546
5|4|560
5|4|566
5|4|586
5|5|5
5|5|25
5|5|45
5|5|65
5|5|85
5|5|105
5|5|125
5|5|141
5|5|165
5|5|211
5|5|232
5|5|251
5|5|272
5|5|291
5|5|312
5|5|332
5|5|352
5|5|372
5|5|392
5|5|412
5|5|432
5|5|452
5|5|472
5|5|491
5|5|511
5|5|527
5|5|547
5|5|561
5|5|567
5|5|587
5|6|6
5|6|26
5|6|46
5|6|66
5|6|86
5|6|106
5|6|126
5|6|143
5|6|198
5|6|233
5|6|252
5|6|269
5|6|273
5|6|292
5|6|313
5|6|333
5|6|353
5|6|373
5|6|393
5|6|413
5|6|433
5|6|453
5|6|473
5|6|492
5|6|528
5|6|548
5|6|562
5|6|568
5|6|579
5|6|588
5|7|7
5|7|29
5|7|47
5|7|67
5|7|87
5|7|107
5|7|127
5|7|142
5|7|199
5|7|215
5|7|234
5|7|253
5|7|274
5|7|293
5|7|314
5|7|334
5|7|354
5|7|374
5|7|394
5|7|414
5|7|434
5|7|454
5|7|474
5|7|493
5|7|503
5|7|529
5|7|549
5|7|569
5|7|580
5|7|589
5|8|8
5|8|28
5|8|48
5|8|68
5|8|88
5|8|108
5|8|128
5|8|144
5|8|200
5|8|216
5|8|235
5|8|254
5|8|275
5|8|294
5|8|315
5|8|335
5|8|355
5|8|375
5|8|395
5|8|415
5|8|435
5|8|455
5|8|475
5|8|494
5|8|504
5|8|530
5|8|550
5|8|570
5|8|581
5|8|590
5|9|9
5|9|27
5|9|49
5|9|69
5|9|89
5|9|110
5|9|129
5|9|145
5|9|160
5|9|201
5|9|217
5|9|236
5|9|255
5|9|276
5|9|295
5|9|316
5|9|336
5|9|356
5|9|376
5|9|396
5|9|416
5|9|436
5|9|456
5|9|476
5|9|495
5|9|505
5|9|531
5|9|551
5|9|571
5|9|591
5|10|10
5|10|30
5|10|50
5|10|70
5|10|90
5|10|109
5|10|130
5|10|146
5|10|202
5|10|218
5|10|237
5|10|256
5|10|277
5|10|296
5|10|317
5|10|337
5|10|357
5|10|377
5|10|397
5|10|417
5|10|437
5|10|457
5|10|477
5|10|496
5|10|512
5|10|532
5|10|535
5|10|552
5|10|572
5|10|592
5|11|11
5|11|32
5|11|51
5|11|71
5|11|91
5|11|111
5|11|131
5|11|147
5|11|203
5|11|219
5|11|238
5|11|257
5|11|278
5|11|297
5|11|318
5|11|338
5|11|358
5|11|378
5|11|398
5|11|418
5|11|438
5|11|458
5|11|478
5|11|497
5|11|513
5|11|533
5|11|536
5|11|553
5|11|573
5|11|593
5|12|12
5|12|31
5|12|52
5|12|72
5|12|92
5|12|112
5|12|132
5|12|148
5|12|204
5|12|220
5|12|239
5|12|258
5|12|279
5|12|298
5|12|319
5|12|339
5|12|359
5|12|379
5|12|399
5|12|419
5|12|439
5|12|459
5|12|479
5|12|498
5|12|514
5|12|534
5|12|537
5|12|554
5|12|574
5|12|594
5|13|13
5|13|33
5|13|53
5|13|73
5|13|93
5|13|113
5|13|133
5|13|149
5|13|205
5|13|221
5|13|240
5|13|259
5|13|280
5|13|299
5|13|320
5|13|340
5|13|360
5|13|380
5|13|400
5|13|420
5|13|440
5|13|460
5|13|480
5|13|499
5|13|515
5|13|535
5|13|543
5|13|555
5|13|575
5|13|595
5|14|14
5|14|34
5|14|54
5|14|74
5|14|94
5|14|114
5|14|134
5|14|150
5|14|206
5|14|222
5|14|241
5|14|260
5|14|281
5|14|300
5|14|321
5|14|341
5|14|361
5|14|381
5|14|401
5|14|421
5|14|441
5|14|461
5|14|481
5|14|500
5|14|516
5|14|536
5|14|544
5|14|556
5|14|576
5|14|596
5|15|15
5|15|35
5|15|55
5|15|75
5|15|95
5|15|115
5|15|135
5|15|151
5|15|207
5|15|223
5|15|242
5|15|261
5|15|282
5|15|301
5|15|322
5|15|342
5|15|362
5|15|382
5|15|402
5|15|422
5|15|442
5|15|462
5|15|482
5|15|501
5|15|517
5|15|537
5|15|545
5|15|557
5|15|577
5|15|597
5|16|16
5|16|36
5|16|56
5|16|76
5|16|96
5|16|99
5|16|136
5|16|152
5|16|208
5|16|224
5|16|243
5|16|262
5|16|283
5|16|302
5|16|323
5|16|343
5|16|363
5|16|383
5|16|403
5|16|423
5|16|443
5|16|463
5|16|483
5|16|502
5|16|518
5|16|538
5|16|558
5|16|578
5|16|586
5|16|598
5|17|1
5|17|17
5|17|37
5|17|57
5|17|77
5|17|97
5|17|117
5|17|153
5|17|157
5|17|209
5|17|225
5|17|244
5|17|263
5|17|284
5|17|303
5|17|324
5|17|344
5|17|364
5|17|384
5|17|404
5|17|424
5|17|444
5|17|464
5|17|484
5|17|503
5|17|519
5|17|539
5|17|559
5|17|579
5|17|587
5|18|2
5|18|18
5|18|38
5|18|58
5|18|78
5|18|98
5|18|121
5|18|154
5|18|158
5|18|194
5|18|226
5|18|245
5|18|264
5|18|285
5|18|305
5|18|325
5|18|345
5|18|365
5|18|385
5|18|405
5|18|425
5|18|445
5|18|465
5|18|485
5|18|504
5|18|520
5|18|540
5|18|560
5|18|580
5|18|588
5|19|3
5|19|19
5|19|39
5|19|59
5|19|79
5|19|116
5|19|119
5|19|155
5|19|159
5|19|197
5|19|227
5|19|246
5|19|265
5|19|286
5|19|306
5|19|326
5|19|346
5|19|366
5|19|386
5|19|406
5|19|426
5|19|446
5|19|466
5|19|486
5|19|505
5|19|521
5|19|541
5|19|561
5|19|581
5|19|589
5|20|4
5|20|20
5|20|40
5|20|60
5|20|80
5|20|100
5|20|120
5|20|156
5|20|166
5|20|212
5|20|213
5|20|214
5|20|268
5|20|304
5|20|307
5|20|327
5|20|347
5|20|367
5|20|387
5|20|407
5|20|427
5|20|447
5|20|467
5|20|487
5|20|506
5|20|510
5|20|522
5|20|542
5|20|562
5|20|582
6|1|1
6|1|19
6|1|37
6|1|55
6|1|73
6|1|92
6|1|111
6|1|127
6|1|145
6|1|163
6|1|181
6|1|199
6|1|217
6|1|235
6|1|253
6|1|271
6|1|289
6|1|307
6|1|325
6|1|343
6|1|361
6|1|379
6|1|397
6|1|415
6|1|433
6|1|451
6|1|469
6|1|487
6|1|505
6|1|519
6|1|523
6|1|541
6|1|559
6|1|577
6|1|595
6|2|2
6|2|20
6|2|38
6|2|56
6|2|74
6|2|91
6|2|110
6|2|128
6|2|146
6|2|164
6|2|182
6|2|200
6|2|218
6|2|236
6|2|254
6|2|272
6|2|290
6|2|308
6|2|326
6|2|344
6|2|362
6|2|380
6|2|398
6|2|416
6|2|434
6|2|452
6|2|470
6|2|488
6|2|506
6|2|520
6|2|524
6|2|542
6|2|560
6|2|578
6|2|596
6|3|3
6|3|21
6|3|39
6|3|57
6|3|75
6|3|93
6|3|109
6|3|129
6|3|147
6|3|165
6|3|183
6|3|201
6|3|219
6|3|237
6|3|255
6|3|273
6|3|291
6|3|309
6|3|327
6|3|345
6|3|363
6|3|381
6|3|399
6|3|417
6|3|435
6|3|453
6|3|471
6|3|489
6|3|507
6|3|521
6|3|525
6|3|543
6|3|561
6|3|579
6|3|597
6|4|4
6|4|22
6|4|40
6|4|58
6|4|76
6|4|94
6|4|112
6|4|130
6|4|148
6|4|166
6|4|184
6|4|202
6|4|220
6|4|238
6|4|256
6|4|274
6|4|292
6|4|310
6|4|328
6|4|346
6|4|364
6|4|382
6|4|400
6|4|418
6|4|436
6|4|454
6|4|472
6|4|490
6|4|508
6|4|522
6|4|526
6|4|544
6|4|562
6|4|580
6|4|598
6|5|5
6|5|23
6|5|41
6|5|59
6|5|77
6|5|99
6|5|113
6|5|131
6|5|149
6|5|167
6|5|185
6|5|203
6|5|221
6|5|239
6|5|257
6|5|275
6|5|293
6|5|311
6|5|329
6|5|347
6|5|365
6|5|383
6|5|401
6|5|419
6|5|437
6|5|455
6|5|473
6|5|491
6|5|509
6|5|527
6|5|545
6|5|551
6|5|563
6|5|581
6|5|599
6|6|6
6|6|24
6|6|42
6|6|60
6|6|78
6|6|96
6|6|114
6|6|132
6|6|151
6|6|168
6|6|186
6|6|204
6|6|222
6|6|240
6|6|258
6|6|276
6|6|294
6|6|312
6|6|330
6|6|348
6|6|366
6|6|384
6|6|402
6|6|420
6|6|438
6|6|456
6|6|474
6|6|492
6|6|510
6|6|528
6|6|546
6|6|552
6|6|564
6|6|582
6|6|600
6|7|7
6|7|25
6|7|43
6|7|61
6|7|79
6|7|97
6|7|115
6|7|133
6|7|150
6|7|169
6|7|187
6|7|205
6|7|223
6|7|241
6|7|259
6|7|277
6|7|295
6|7|313
6|7|331
6|7|349
6|7|367
6|7|385
6|7|403
6|7|421
6|7|439
6|7|457
6|7|475
6|7|493
6|7|511
6|7|529
6|7|541
6|7|547
6|7|553
6|7|565
6|7|583
6|8|8
6|8|26
6|8|44
6|8|62
6|8|80
6|8|98
6|8|116
6|8|134
6|8|152
6|8|170
6|8|188
6|8|206
6|8|224
6|8|242
6|8|260
6|8|278
6|8|296
6|8|314
6|8|332
6|8|350
6|8|368
6|8|386
6|8|404
6|8|422
6|8|440
6|8|458
6|8|476
6|8|494
6|8|512
6|8|530
6|8|542
6|8|548
6|8|554
6|8|566
6|8|584
6|9|9
6|9|27
6|9|45
6|9|63
6|9|81
6|9|95
6|9|117
6|9|135
6|9|153
6|9|171
6|9|189
6|9|207
6|9|225
6|9|243
6|9|261
6|9|279
6|9|297
6|9|315
6|9|333
6|9|351
6|9|369
6|9|387
6|9|405
6|9|423
6|9|441
6|9|459
6|9|477
6|9|495
6|9|513
6|9|531
6|9|543
6|9|549
6|9|567
6|9|585
6|9|591
6|10|10
6|10|28
6|10|46
6|10|64
6|10|82
6|10|100
6|10|121
6|10|136
6|10|154
6|10|172
6|10|190
6|10|208
6|10|226
6|10|244
6|10|262
6|10|280
6|10|298
6|10|316
6|10|334
6|10|352
6|10|370
6|10|388
6|10|406
6|10|424
6|10|442
6|10|460
6|10|478
6|10|496
6|10|514
6|10|532
6|10|544
6|10|550
6|10|568
6|10|586
6|10|592
6|11|11
6|11|34
6|11|47
6|11|65
6|11|83
6|11|101
6|11|122
6|11|137
6|11|155
6|11|173
6|11|191
6|11|209
6|11|227
6|11|245
6|11|263
6|11|281
6|11|299
6|11|317
6|11|335
6|11|353
6|11|371
6|11|389
6|11|407
6|11|425
6|11|443
6|11|461
6|11|479
6|11|497
6|11|515
6|11|533
6|11|545
6|11|551
6|11|569
6|11|587
6|11|593
6|12|12
6|12|30
6|12|48
6|12|66
6|12|84
6|12|102
6|12|120
6|12|138
6|12|156
6|12|174
6|12|192
6|12|210
6|12|228
6|12|246
6|12|264
6|12|282
6|12|300
6|12|318
6|12|336
6|12|354
6|12|372
6|12|390
6|12|408
6|12|426
6|12|444
6|12|462
6|12|480
6|12|498
6|12|516
6|12|534
6|12|546
6|12|552
6|12|570
6|12|588
6|12|594
6|13|13
6|13|31
6|13|49
6|13|67
6|13|85
6|13|103
6|13|118
6|13|139
6|13|157
6|13|175
6|13|193
6|13|211
6|13|229
6|13|247
6|13|265
6|13|283
6|13|301
6|13|319
6|13|337
6|13|355
6|13|373
6|13|391
6|13|409
6|13|427
6|13|445
6|13|463
6|13|481
6|13|487
6|13|499
6|13|511
6|13|517
6|13|535
6|13|553
6|13|571
6|13|589
6|14|14
6|14|32
6|14|50
6|14|68
6|14|86
6|14|104
6|14|119
6|14|140
6|14|158
6|14|176
6|14|194
6|14|212
6|14|230
6|14|248
6|14|266
6|14|284
6|14|302
6|14|320
6|14|338
6|14|356
6|14|374
6|14|392
6|14|410
6|14|428
6|14|446
6|14|464
6|14|482
6|14|488
6|14|500
6|14|512
6|14|518
6|14|536
6|14|554
6|14|572
6|14|590
6|15|15
6|15|33
6|15|51
6|15|69
6|15|87
6|15|105
6|15|123
6|15|141
6|15|159
6|15|177
6|15|195
6|15|213
6|15|231
6|15|249
6|15|267
6|15|285
6|15|303
6|15|321
6|15|339
6|15|357
6|15|375
6|15|393
6|15|411
6|15|429
6|15|447
6|15|465
6|15|483
6|15|489
6|15|501
6|15|513
6|15|519
6|15|537
6|15|555
6|15|573
6|15|591
6|16|16
6|16|29
6|16|52
6|16|70
6|16|88
6|16|106
6|16|124
6|16|142
6|16|160
6|16|178
6|16|196
6|16|214
6|16|232
6|16|250
6|16|268
6|16|286
6|16|304
6|16|322
6|16|340
6|16|358
6|16|376
6|16|394
6|16|412
6|16|430
6|16|448
6|16|466
6|16|484
6|16|490
6|16|502
6|16|514
6|16|520
6|16|538
6|16|556
6|16|574
6|16|592
6|17|1
6|17|17
6|17|35
6|17|53
6|17|71
6|17|89
6|17|107
6|17|125
6|17|144
6|17|161
6|17|179
6|17|197
6|17|215
6|17|233
6|17|251
6|17|269
6|17|287
6|17|305
6|17|323
6|17|341
6|17|359
6|17|377
6|17|395
6|17|413
6|17|431
6|17|449
6|17|467
6|17|485
6|17|491
6|17|503
6|17|521
6|17|539
6|17|557
6|17|575
6|17|593
6|18|2
6|18|18
6|18|36
6|18|54
6|18|72
6|18|90
6|18|108
6|18|126
6|18|143
6|18|162
6|18|180
6|18|198
6|18|216
6|18|234
6|18|252
6|18|270
6|18|288
6|18|306
6|18|324
6|18|342
6|18|360
6|18|378
6|18|396
6|18|414
6|18|432
6|18|450
6|18|468
6|18|486
6|18|492
6|18|504
6|18|522
6|18|540
6|18|558
6|18|576
6|18|594
7|1|1
7|1|18
7|1|31
7|1|46
7|1|61
7|1|76
7|1|91
7|1|106
7|1|121
7|1|136
7|1|151
7|1|166
7|1|181
7|1|196
7|1|211
7|1|226
7|1|241
7|1|256
7|1|271
7|1|286
7|1|301
7|1|316
7|1|331
7|1|346
7|1|361
7|1|376
7|1|391
7|1|406
7|1|421
7|1|436
7|1|451
7|1|466
7|1|481
7|1|496
7|1|511
7|1|526
7|1|541
7|1|556
7|1|571
7|1|586
7|2|2
7|2|17
7|2|32
7|2|47
7|2|62
7|2|77
7|2|92
7|2|107
7|2|122
7|2|137
7|2|152
7|2|167
7|2|182
7|2|197
7|2|212
7|2|227
7|2|242
7|2|257
7|2|272
7|2|287
7|2|302
7|2|317
7|2|332
7|2|347
7|2|362
7|2|377
7|2|392
7|2|407
7|2|422
7|2|437
7|2|452
7|2|467
7|2|482
7|2|497
7|2|512
7|2|527
7|2|542
7|2|557
7|2|572
7|2|587
7|3|3
7|3|16
7|3|33
7|3|48
7|3|63
7|3|78
7|3|93
7|3|108
7|3|123
7|3|138
7|3|153
7|3|168
7|3|183
7|3|198
7|3|213
7|3|228
7|3|243
7|3|258
7|3|273
7|3|288
7|3|303
7|3|318
7|3|333
7|3|348
7|3|363
7|3|378
7|3|393
7|3|408
7|3|423
7|3|438
7|3|453
7|3|468
7|3|483
7|3|498
7|3|513
7|3|528
7|3|543
7|3|558
7|3|573
7|3|588
7|4|4
7|4|19
7|4|34
7|4|49
7|4|64
7|4|79
7|4|94
7|4|109
7|4|124
7|4|139
7|4|154
7|4|169
7|4|184
7|4|207
7|4|220
7|4|229
7|4|244
7|4|259
7|4|274
7|4|289
7|4|304
7|4|319
7|4|334
7|4|349
7|4|364
7|4|379
7|4|394
7|4|409
7|4|424
7|4|439
7|4|454
7|4|469
7|4|484
7|4|499
7|4|514
7|4|529
7|4|544
7|4|559
7|4|574
7|4|589
7|5|5
7|5|20
7|5|35
7|5|57
7|5|65
7|5|80
7|5|95
7|5|110
7|5|125
7|5|140
7|5|155
7|5|170
7|5|185
7|5|200
7|5|215
7|5|230
7|5|254
7|5|260
7|5|275
7|5|290
7|5|305
7|5|320
7|5|335
7|5|350
7|5|365
7|5|380
7|5|395
7|5|410
7|5|425
7|5|440
7|5|455
7|5|470
7|5|485
7|5|500
7|5|515
7|5|530
7|5|545
7|5|560
7|5|575
7|5|590
7|6|6
7|6|21
7|6|36
7|6|58
7|6|66
7|6|81
7|6|96
7|6|111
7|6|126
7|6|141
7|6|156
7|6|171
7|6|186
7|6|201
7|6|216
7|6|231
7|6|246
7|6|261
7|6|276
7|6|291
7|6|306
7|6|321
7|6|336
7|6|351
7|6|366
7|6|381
7|6|396
7|6|411
7|6|426
7|6|441
7|6|456
7|6|471
7|6|486
7|6|501
7|6|516
7|6|531
7|6|546
7|6|561
7|6|576
7|6|591
7|7|7
7|7|22
7|7|37
7|7|59
7|7|67
7|7|82
7|7|97
7|7|112
7|7|127
7|7|142
7|7|157
7|7|172
7|7|187
7|7|202
7|7|217
7|7|232
7|7|247
7|7|262
7|7|277
7|7|292
7|7|307
7|7|322
7|7|337
7|7|352
7|7|367
7|7|382
7|7|397
7|7|412
7|7|427
7|7|442
7|7|457
7|7|472
7|7|487
7|7|502
7|7|517
7|7|532
7|7|547
7|7|562
7|7|577
7|7|592
7|8|8
7|8|23
7|8|38
7|8|53
7|8|68
7|8|83
7|8|98
7|8|113
7|8|128
7|8|143
7|8|158
7|8|173
7|8|188
7|8|203
7|8|218
7|8|233
7|8|248
7|8|263
7|8|278
7|8|293
7|8|308
7|8|323
7|8|338
7|8|353
7|8|368
7|8|383
7|8|398
7|8|413
7|8|428
7|8|443
7|8|458
7|8|473
7|8|488
7|8|503
7|8|518
7|8|533
7|8|548
7|8|563
7|8|578
7|8|593
7|9|9
7|9|24
7|9|39
7|9|54
7|9|69
7|9|84
7|9|99
7|9|114
7|9|129
7|9|144
7|9|159
7|9|174
7|9|189
7|9|204
7|9|219
7|9|234
7|9|249
7|9|264
7|9|279
7|9|294
7|9|309
7|9|324
7|9|339
7|9|354
7|9|369
7|9|384
7|9|399
7|9|414
7|9|429
7|9|444
7|9|459
7|9|474
7|9|489
7|9|504
7|9|519
7|9|534
7|9|549
7|9|564
7|9|579
7|9|594
7|10|10
7|10|25
7|10|40
7|10|55
7|10|70
7|10|85
7|10|100
7|10|115
7|10|130
7|10|145
7|10|160
7|10|175
7|10|190
7|10|205
7|10|214
7|10|235
7|10|250
7|10|265
7|10|280
7|10|295
7|10|310
7|10|325
7|10|340
7|10|355
7|10|370
7|10|385
7|10|400
7|10|415
7|10|430
7|10|445
7|10|460
7|10|475
7|10|490
7|10|505
7|10|520
7|10|535
7|10|550
7|10|565
7|10|580
7|10|595
7|11|11
7|11|26
7|11|41
7|11|56
7|11|71
7|11|86
7|11|101
7|11|116
7|11|131
7|11|146
7|11|161
7|11|176
7|11|191
7|11|206
7|11|221
7|11|236
7|11|251
7|11|266
7|11|281
7|11|296
7|11|311
7|11|326
7|11|341
7|11|356
7|11|371
7|11|386
7|11|401
7|11|416
7|11|431
7|11|446
7|11|461
7|11|476
7|11|491
7|11|506
7|11|521
7|11|536
7|11|551
7|11|566
7|11|581
7|11|596
7|12|12
7|12|27
7|12|42
7|12|50
7|12|72
7|12|87
7|12|102
7|12|117
7|12|132
7|12|147
7|12|162
7|12|177
7|12|192
7|12|199
7|12|222
7|12|237
7|12|252
7|12|267
7|12|282
7|12|297
7|12|312
7|12|327
7|12|342
7|12|357
7|12|372
7|12|387
7|12|402
7|12|417
7|12|432
7|12|447
7|12|462
7|12|477
7|12|492
7|12|507
7|12|522
7|12|537
7|12|552
7|12|567
7|12|582
7|12|597
7|13|13
7|13|28
7|13|43
7|13|51
7|13|73
7|13|88
7|13|103
7|13|118
7|13|133
7|13|148
7|13|163
7|13|178
7|13|193
7|13|208
7|13|223
7|13|238
7|13|253
7|13|268
7|13|283
7|13|298
7|13|313
7|13|328
7|13|343
7|13|358
7|13|373
7|13|388
7|13|403
7|13|418
7|13|433
7|13|448
7|13|463
7|13|478
7|13|493
7|13|508
7|13|523
7|13|538
7|13|553
7|13|568
7|13|583
7|13|598
7|14|14
7|14|29
7|14|44
7|14|52
7|14|74
7|14|89
7|14|104
7|14|119
7|14|134
7|14|149
7|14|164
7|14|179
7|14|194
7|14|209
7|14|224
7|14|239
7|14|245
7|14|269
7|14|284
7|14|299
7|14|314
7|14|329
7|14|344
7|14|359
7|14|374
7|14|389
7|14|404
7|14|419
7|14|434
7|14|449
7|14|464
7|14|479
7|14|494
7|14|509
7|14|524
7|14|539
7|14|554
7|14|569
7|14|584
7|14|599
7|15|15
7|15|30
7|15|45
7|15|60
7|15|75
7|15|90
7|15|105
7|15|120
7|15|135
7|15|150
7|15|165
7|15|180
7|15|195
7|15|210
7|15|225
7|15|240
7|15|255
7|15|270
7|15|285
7|15|300
7|15|315
7|15|330
7|15|345
7|15|360
7|15|375
7|15|390
7|15|405
7|15|420
7|15|435
7|15|450
7|15|465
7|15|480
7|15|495
7|15|510
7|15|525
7|15|540
7|15|555
7|15|570
7|15|585
7|15|600
8|1|1
8|1|15
8|1|29
8|1|43
8|1|57
8|1|71
8|1|85
8|1|99
8|1|113
8|1|127
8|1|141
8|1|155
8|1|169
8|1|183
8|1|197
8|1|211
8|1|225
8|1|239
8|1|253
8|1|267
8|1|281
8|1|295
8|1|309
8|1|323
8|1|337
8|1|351
8|1|365
8|1|379
8|1|393
8|1|407
8|1|421
8|1|435
8|1|449
8|1|463
8|1|477
8|1|491
8|1|505
8|1|519
8|1|527
8|1|529
8|1|533
8|1|547
8|1|561
8|1|575
8|1|589
8|2|2
8|2|17
8|2|30
8|2|44
8|2|58
8|2|72
8|2|86
8|2|100
8|2|114
8|2|128
8|2|147
8|2|156
8|2|170
8|2|184
8|2|198
8|2|212
8|2|226
8|2|240
8|2|254
8|2|268
8|2|282
8|2|296
8|2|310
8|2|324
8|2|338
8|2|352
8|2|366
8|2|380
8|2|394
8|2|408
8|2|422
8|2|436
8|2|450
8|2|464
8|2|478
8|2|492
8|2|506
8|2|520
8|2|528
8|2|530
8|2|534
8|2|548
8|2|562
8|2|576
8|2|590
8|3|3
8|3|16
8|3|31
8|3|45
8|3|59
8|3|73
8|3|87
8|3|101
8|3|115
8|3|129
8|3|143
8|3|157
8|3|171
8|3|185
8|3|199
8|3|213
8|3|227
8|3|241
8|3|255
8|3|269
8|3|283
8|3|297
8|3|311
8|3|325
8|3|339
8|3|353
8|3|367
8|3|381
8|3|395
8|3|409
8|3|423
8|3|437
8|3|451
8|3|465
8|3|479
8|3|493
8|3|500
8|3|507
8|3|521
8|3|531
8|3|535
8|3|549
8|3|563
8|3|577
8|3|591
8|4|4
8|4|18
8|4|32
8|4|46
8|4|60
8|4|74
8|4|88
8|4|102
8|4|116
8|4|130
8|4|144
8|4|158
8|4|172
8|4|186
8|4|200
8|4|214
8|4|228
8|4|242
8|4|256
8|4|270
8|4|284
8|4|298
8|4|312
8|4|326
8|4|340
8|4|354
8|4|368
8|4|382
8|4|396
8|4|410
8|4|424
8|4|438
8|4|452
8|4|466
8|4|480
8|4|494
8|4|501
8|4|508
8|4|522
8|4|532
8|4|536
8|4|550
8|4|564
8|4|578
8|4|592
8|5|5
8|5|19
8|5|33
8|5|47
8|5|61
8|5|75
8|5|89
8|5|103
8|5|117
8|5|131
8|5|145
8|5|159
8|5|173
8|5|187
8|5|201
8|5|215
8|5|229
8|5|243
8|5|257
8|5|271
8|5|285
8|5|299
8|5|313
8|5|327
8|5|341
8|5|355
8|5|369
8|5|383
8|5|397
8|5|411
8|5|425
8|5|439
8|5|453
8|5|467
8|5|481
8|5|495
8|5|502
8|5|509
8|5|523
8|5|533
8|5|537
8|5|551
8|5|565
8|5|579
8|5|593
8|6|6
8|6|20
8|6|34
8|6|48
8|6|62
8|6|76
8|6|90
8|6|104
8|6|118
8|6|132
8|6|146
8|6|160
8|6|174
8|6|188
8|6|202
8|6|216
8|6|230
8|6|244
8|6|258
8|6|272
8|6|286
8|6|300
8|6|314
8|6|328
8|6|342
8|6|356
8|6|370
8|6|384
8|6|398
8|6|412
8|6|426
8|6|440
8|6|454
8|6|468
8|6|482
8|6|496
8|6|503
8|6|510
8|6|524
8|6|534
8|6|538
8|6|552
8|6|566
8|6|580
8|6|594
8|7|7
8|7|21
8|7|35
8|7|55
8|7|63
8|7|77
8|7|97
8|7|105
8|7|119
8|7|133
8|7|142
8|7|161
8|7|175
8|7|189
8|7|203
8|7|217
8|7|236
8|7|245
8|7|259
8|7|273
8|7|287
8|7|301
8|7|315
8|7|329
8|7|343
8|7|357
8|7|371
8|7|385
8|7|399
8|7|413
8|7|427
8|7|441
8|7|455
8|7|469
8|7|483
8|7|497
8|7|505
8|7|511
8|7|525
8|7|535
8|7|539
8|7|553
8|7|567
8|7|581
8|7|595
8|8|8
8|8|22
8|8|36
8|8|50
8|8|64
8|8|78
8|8|92
8|8|106
8|8|120
8|8|134
8|8|148
8|8|162
8|8|176
8|8|190
8|8|204
8|8|218
8|8|232
8|8|246
8|8|260
8|8|274
8|8|288
8|8|302
8|8|316
8|8|330
8|8|344
8|8|358
8|8|372
8|8|386
8|8|400
8|8|414
8|8|428
8|8|442
8|8|456
8|8|470
8|8|484
8|8|498
8|8|506
8|8|512
8|8|526
8|8|536
8|8|540
8|8|554
8|8|568
8|8|582
8|8|596
8|9|9
8|9|23
8|9|37
8|9|51
8|9|65
8|9|79
8|9|93
8|9|107
8|9|121
8|9|135
8|9|149
8|9|163
8|9|177
8|9|191
8|9|205
8|9|219
8|9|233
8|9|247
8|9|261
8|9|275
8|9|289
8|9|303
8|9|317
8|9|331
8|9|345
8|9|359
8|9|373
8|9|387
8|9|401
8|9|415
8|9|429
8|9|443
8|9|457
8|9|471
8|9|485
8|9|499
8|9|507
8|9|513
8|9|527
8|9|537
8|9|541
8|9|555
8|9|569
8|9|583
8|9|597
8|10|10
8|10|24
8|10|38
8|10|52
8|10|66
8|10|80
8|10|94
8|10|108
8|10|122
8|10|136
8|10|150
8|10|164
8|10|178
8|10|192
8|10|206
8|10|220
8|10|234
8|10|248
8|10|262
8|10|276
8|10|290
8|10|304
8|10|318
8|10|332
8|10|346
8|10|360
8|10|374
8|10|388
8|10|402
8|10|416
8|10|430
8|10|444
8|10|458
8|10|472
8|10|486
8|10|500
8|10|514
8|10|528
8|10|538
8|10|542
8|10|556
8|10|561
8|10|570
8|10|584
8|10|598
8|11|11
8|11|25
8|11|39
8|11|53
8|11|67
8|11|81
8|11|95
8|11|109
8|11|123
8|11|137
8|11|151
8|11|165
8|11|179
8|11|193
8|11|207
8|11|221
8|11|235
8|11|249
8|11|263
8|11|277
8|11|291
8|11|305
8|11|319
8|11|333
8|11|347
8|11|361
8|11|375
8|11|389
8|11|403
8|11|417
8|11|431
8|11|445
8|11|459
8|11|473
8|11|487
8|11|501
8|11|515
8|11|529
8|11|539
8|11|543
8|11|557
8|11|562
8|11|571
8|11|585
8|11|599
8|12|12
8|12|26
8|12|40
8|12|54
8|12|68
8|12|82
8|12|96
8|12|112
8|12|124
8|12|138
8|12|152
8|12|166
8|12|180
8|12|194
8|12|208
8|12|222
8|12|231
8|12|250
8|12|264
8|12|278
8|12|292
8|12|306
8|12|320
8|12|334
8|12|348
8|12|362
8|12|376
8|12|390
8|12|404
8|12|418
8|12|432
8|12|446
8|12|460
8|12|474
8|12|488
8|12|502
8|12|516
8|12|530
8|12|540
8|12|544
8|12|558
8|12|563
8|12|572
8|12|586
8|12|600
8|13|13
8|13|27
8|13|41
8|13|49
8|13|69
8|13|83
8|13|91
8|13|111
8|13|125
8|13|139
8|13|153
8|13|167
8|13|181
8|13|195
8|13|209
8|13|223
8|13|237
8|13|251
8|13|265
8|13|279
8|13|293
8|13|307
8|13|321
8|13|335
8|13|349
8|13|363
8|13|377
8|13|391
8|13|405
8|13|419
8|13|433
8|13|447
8|13|461
8|13|475
8|13|489
8|13|503
8|13|517
8|13|531
8|13|541
8|13|545
8|13|559
8|13|564
8|13|573
8|13|587
8|13|589
8|14|14
8|14|28
8|14|42
8|14|56
8|14|70
8|14|84
8|14|98
8|14|110
8|14|126
8|14|140
8|14|154
8|14|168
8|14|182
8|14|196
8|14|210
8|14|224
8|14|238
8|14|252
8|14|266
8|14|280
8|14|294
8|14|308
8|14|322
8|14|336
8|14|350
8|14|364
8|14|378
8|14|392
8|14|406
8|14|420
8|14|434
8|14|448
8|14|462
8|14|476
8|14|490
8|14|504
8|14|518
8|14|532
8|14|542
8|14|546
8|14|560
8|14|565
8|14|574
8|14|588
8|14|590
